epsilon,mu11,mu12,mu22,Dq_dimensionless,correction_x,correction_y,relative_residual
0.0001,1.0,0.7142857,1.0,0.006949483776387488,0.9921167903622035,0.004022045572764153,2.6408973217683058e-12
0.00011497569953977356,1.0,0.7142857,1.0,0.007988822122352746,0.992108653586526,0.004026196988761202,2.513185312206877e-12
0.00013219411484660288,1.0,0.7142857,1.0,0.009183338159093557,0.9920993019552025,0.004030968229041816,2.4349104457630723e-12
0.0001519911082952933,1.0,0.7142857,1.0,0.010556108381362783,0.9920885548068928,0.004036451467754011,2.559179526825981e-12
0.0001747528400007683,1.0,0.7142857,1.0,0.012133607014412018,0.9920762048800769,0.004042752450573591,2.8411947054895036e-12
0.00020092330025650479,1.0,0.7142857,1.0,0.013946193613412206,0.9920620144957768,0.0040499924422734476,2.72268716579164e-12
0.00023101297000831605,1.0,0.7142857,1.0,0.016028664184789543,0.992045711242886,0.004058310428111407,2.9242912798530462e-12
0.00026560877829466864,1.0,0.7142857,1.0,0.01842087565546402,0.992026983089375,0.0040678656080866534,2.9922408297217948e-12
0.0003053855508833416,1.0,0.7142857,1.0,0.021168443654019153,0.9920054729194222,0.004078840184155943,3.0754027390841643e-12
0.0003511191734215131,1.0,0.7142857,1.0,0.02432352305740193,0.9919807724227712,0.004091442477857442,3.6256045676743197e-12
0.0004037017258596554,1.0,0.7142857,1.0,0.027945672431495927,0.991952415327085,0.0041059103832448195,3.594077629736063e-12
0.0004641588833612782,1.0,0.7142857,1.0,0.032102799893432676,0.9919198699930859,0.004122515144823553,3.722616406468941e-12
0.0005336699231206312,1.0,0.7142857,1.0,0.036872181708628826,0.9918825314400621,0.004141565426217082,4.1143102947233335e-12
0.0006135907273413176,1.0,0.7142857,1.0,0.04234153914354244,0.9918397129154535,0.004163411611371997,4.803338311462173e-12
0.0007054802310718645,1.0,0.7142857,1.0,0.0486101384075015,0.9917906372836283,0.004188450198036499,4.637121072262893e-12
0.0008111308307896872,1.0,0.7142857,1.0,0.055789863150057295,0.991734428629483,0.004217128081652106,5.032202976022149e-12
0.0009326033468832199,1.0,0.7142857,1.0,0.06400617393091945,0.9916701047469352,0.004249946387758097,5.269341388444899e-12
0.0010722672220103231,1.0,0.7142857,1.0,0.07339883380678325,0.9915965714584599,0.0042874633701802,5.618310732965609e-12
0.0012328467394420659,1.0,0.7142857,1.0,0.08412221245769635,0.9915126202341946,0.004330295625748718,5.4814892964893464e-12
0.0014174741629268048,1.0,0.7142857,1.0,0.09634492344450463,0.9914169310317229,0.004379116645456639,6.2398485222149845e-12
0.0016297508346206436,1.0,0.7142857,1.0,0.11024844540683687,0.9913080830904064,0.004434651307166478,6.689422708721575e-12
0.001873817422860383,1.0,0.7142857,1.0,0.12602429163793083,0.9911845770902853,0.004497664570020847,6.6719970120296745e-12
0.0021544346900318843,1.0,0.7142857,1.0,0.14386919054480818,0.9910448728833697,0.004568942223754248,6.404846787305461e-12
0.0024770763559917113,1.0,0.7142857,1.0,0.16397768266496437,0.9908874474499642,0.004649261319228006,6.768288512099553e-12
0.002848035868435802,1.0,0.7142857,1.0,0.18653155356471673,0.9907108776266291,0.004739347960190358,6.821870775491385e-12
0.0032745491628777285,1.0,0.7142857,1.0,0.21168570621899674,0.9905139507084904,0.004839820873555429,6.397225478025341e-12
0.0037649358067924675,1.0,0.7142857,1.0,0.23955047131803875,0.9902958029380547,0.004951120752001965,7.2475879986436745e-12
0.004328761281083062,1.0,0.7142857,1.0,0.27017107217978453,0.9900560802710235,0.005073428230285402,7.897297748859e-12
0.004977023564332114,1.0,0.7142857,1.0,0.30350597686634573,0.989795107852706,0.005206577417983382,7.2658065490673415e-12
0.00572236765935022,1.0,0.7142857,1.0,0.3394070477638731,0.9895140454234347,0.005349976610837043,6.120295592629042e-12
0.006579332246575682,1.0,0.7142857,1.0,0.3776054365906427,0.9892149977434471,0.00550255195168906,6.791866940065363e-12
0.007564633275546291,1.0,0.7142857,1.0,0.41770753293719354,0.9889010463115012,0.005662731247256218,6.779854016573009e-12
0.008697490026177835,1.0,0.7142857,1.0,0.4592045028031344,0.9885761746887137,0.005828482068617605,6.7551155156548356e-12
0.01,1.0,0.7142857,1.0,0.5014967737918072,0.9882450768097989,0.00599740955110137,6.6216470070045e-12
0.011497569953977356,1.0,0.7142857,1.0,0.5439316465845507,0.9879128625293065,0.006166906626240896,6.751139660454218e-12
0.013219411484660288,1.0,0.7142857,1.0,0.5858489297707141,0.987584700356289,0.006334336299614871,6.645024642223615e-12
0.01519911082952933,1.0,0.7142857,1.0,0.6266273821771231,0.987265453865552,0.006497217155733578,6.460152034551952e-12
0.01747528400007685,1.0,0.7142857,1.0,0.6657246003630033,0.9869593694272688,0.006653382679181122,6.8277872074515325e-12
0.02009233002565048,1.0,0.7142857,1.0,0.7027048909483105,0.9866698579991711,0.006801092585531275,6.903488084448132e-12
0.023101297000831605,1.0,0.7142857,1.0,0.7372527612718094,0.9863993895110339,0.006939086706715871,7.548614486064691e-12
0.026560877829466867,1.0,0.7142857,1.0,0.7691728018807626,0.9861494937857511,0.007066584520544897,7.664494858580378e-12
0.030538555088334154,1.0,0.7142857,1.0,0.7983789770666523,0.9859208443794035,0.0071832423762519595,7.115249435683906e-12
0.03511191734215131,1.0,0.7142857,1.0,0.8248772914118727,0.9857133942833058,0.00728908425785413,7.080434625615309e-12
0.040370172585965536,1.0,0.7142857,1.0,0.8487456501776087,0.9855265335929694,0.007384421340857354,6.975177782122741e-12
0.04641588833612782,1.0,0.7142857,1.0,0.8701138837540028,0.9853592458910702,0.0074697722058569066,7.56530234297243e-12
0.05336699231206313,1.0,0.7142857,1.0,0.8891458584252026,0.9852102483013652,0.007545791381181617,8.521794034026577e-12
0.061359072734131756,1.0,0.7142857,1.0,0.9060246271606396,0.9850781077376426,0.007613210033474385,8.010247434380974e-12
0.07054802310718646,1.0,0.7142857,1.0,0.9209408558462375,0.984961331514354,0.007672789736863396,7.883734323954065e-12
0.08111308307896872,1.0,0.7142857,1.0,0.934084315440932,0.9848584339520166,0.007725288491023436,7.83339244972768e-12
0.093260334688322,1.0,0.7142857,1.0,0.9456379915234598,0.9847679824922017,0.007771437193224739,7.666811828480605e-12
0.10722672220103231,1.0,0.7142857,1.0,0.9557743034495485,0.9846886272979648,0.007811924535606508,7.141605335658582e-12
0.12328467394420659,1.0,0.7142857,1.0,0.9646529301445486,0.9846191182742611,0.007847388321794446,7.292983436564821e-12
0.14174741629268048,1.0,0.7142857,1.0,0.9724198117879501,0.9845583128843569,0.007878411478545864,6.067898089660492e-12
0.16297508346206452,1.0,0.7142857,1.0,0.9792069760442557,0.9845051775088205,0.007905521363079857,6.772285033417198e-12
0.1873817422860385,1.0,0.7142857,1.0,0.9851329142950855,0.9844587845027869,0.007929191263144031,6.424463568096221e-12
0.21544346900318845,1.0,0.7142857,1.0,0.9903033032251423,0.9844183065442359,0.007949843281803681,6.113498787856267e-12
0.24770763559917114,1.0,0.7142857,1.0,0.9948119229020032,0.9843830094464681,0.007967852004573893,5.463629518354322e-12
0.2848035868435802,1.0,0.7142857,1.0,0.9987416691800295,0.9843522442351658,0.007983548540279372,5.626222654319092e-12
0.32745491628777285,1.0,0.7142857,1.0,1.0021655864149013,0.9843254390597443,0.007997224649742733,5.687567306086578e-12
0.37649358067924676,1.0,0.7142857,1.0,1.0051478772660638,0.9843020912909437,0.0080091367760891,4.9387363960101666e-12
0.43287612810830617,1.0,0.7142857,1.0,1.0077448601250647,0.9842817600227012,0.008019509871598792,5.334170861292595e-12
0.49770235643321137,1.0,0.7142857,1.0,1.0100058581333702,0.9842640591133056,0.0080285409476001,5.209342551687307e-12
0.572236765935022,1.0,0.7142857,1.0,1.0119740125867844,0.9842486508191536,0.008036402321700633,4.732258112852177e-12
0.6579332246575682,1.0,0.7142857,1.0,1.0136870186761566,0.9842352400309697,0.008043244560357383,5.168977788318753e-12
0.7564633275546291,1.0,0.7142857,1.0,1.0151777856711721,0.9842235691094119,0.008049199111786214,5.055931411282021e-12
0.8697490026177834,1.0,0.7142857,1.0,1.0164750253605854,0.9842134132745786,0.008054380660070713,5.262790241725609e-12
1.0,1.0,0.7142857,1.0,1.0176037739925974,0.9842045765235992,0.008058889206183239,5.265699980992855e-12
1.1497569953977356,1.0,0.7142857,1.0,1.0185858526450717,0.9841968880227253,0.008062811910596525,5.245243461274952e-12
1.3219411484660286,1.0,0.7142857,1.0,1.0194402737951025,0.9841901989277505,0.008066224713866482,5.793729621046244e-12
1.5199110829529332,1.0,0.7142857,1.0,1.020183598088479,0.9841843795887069,0.00806919376389713,6.1834462485638615e-12
1.747528400007683,1.0,0.7142857,1.0,1.020830246077883,0.9841793171094947,0.008071776660945903,6.204962688397469e-12
2.009233002565046,1.0,0.7142857,1.0,1.0213927736765918,0.9841749131894683,0.00807402355980621,6.62489603753972e-12
2.310129700083158,1.0,0.7142857,1.0,1.0218821106908327,0.984171082267127,0.008075978111460025,6.161321137394398e-12
2.6560877829466896,1.0,0.7142857,1.0,1.0223077700041396,0.9841677498612668,0.00807767831980594,6.240180076026743e-12
3.0538555088334185,1.0,0.7142857,1.0,1.022678031098275,0.984164851164434,0.00807915724449088,6.1505785974994256e-12
3.5111917342151346,1.0,0.7142857,1.0,1.0230000984127607,0.9841623297650344,0.008080443671569378,6.376377264602641e-12
4.037017258596558,1.0,0.7142857,1.0,1.0232802409155144,0.9841601365824454,0.008081562643205233,6.039556691700935e-12
4.641588833612782,1.0,0.7142857,1.0,1.0235239130643947,0.9841582289195963,0.00808253594126242,6.169686122534653e-12
5.336699231206313,1.0,0.7142857,1.0,1.0237358607036051,0.9841565696241977,0.008083382520013912,5.872365298990336e-12
6.135907273413176,1.0,0.7142857,1.0,1.0239202125056326,0.9841551263699341,0.008084118874314084,6.274505560294142e-12
7.054802310718645,1.0,0.7142857,1.0,1.024080560236711,0.9841538710463255,0.00808475934195711,5.8286316693453935e-12
8.111308307896872,1.0,0.7142857,1.0,1.0242200285210634,0.9841527791623678,0.008085316432525035,6.025991945137475e-12
9.326033468832199,1.0,0.7142857,1.0,1.024341335317137,0.9841518294788509,0.00808580096317234,6.647287579245769e-12
10.722672220103231,1.0,0.7142857,1.0,1.0244468452624642,0.9841510034652268,0.008086222397206402,6.645628598952907e-12
12.32846739442066,1.0,0.7142857,1.0,1.0245386147947557,0.9841502850139129,0.008086588956765978,5.8443814004153684e-12
14.174741629268048,1.0,0.7142857,1.0,1.0246184333677855,0.9841496601390355,0.008086907766035448,6.547207834159251e-12
16.297508346206435,1.0,0.7142857,1.0,1.024687856799816,0.9841491166265042,0.008087185073294952,5.931633568403383e-12
18.73817422860383,1.0,0.7142857,1.0,1.024748239003768,0.9841486439070936,0.008087426256168906,6.071567435192398e-12
21.544346900318867,1.0,0.7142857,1.0,1.0248007573608482,0.9841482327716518,0.008087636009121935,6.483574584166634e-12
24.77076355991714,1.0,0.7142857,1.0,1.0248464354625728,0.9841478751648517,0.0080878184625029,5.8023859982333195e-12
28.48035868435805,1.0,0.7142857,1.0,1.024886164493405,0.9841475641128272,0.008087977172916736,5.939936130280771e-12
32.745491628777316,1.0,0.7142857,1.0,1.0249207192027572,0.9841472936323323,0.008088115152820308,6.967310774088681e-12
37.649358067924716,1.0,0.7142857,1.0,1.024950773255703,0.9841470583069829,0.008088235235418127,5.7593088622124346e-12
43.287612810830616,1.0,0.7142857,1.0,1.0249769130175048,0.9841468536641299,0.00808833964493215,6.0232025770598545e-12
49.770235643321136,1.0,0.7142857,1.0,1.0249996482319217,0.9841466757339967,0.008088430396518314,5.973989894858692e-12
57.2236765935022,1.0,0.7142857,1.0,1.0250194223328553,0.9841465209406425,0.008088509365763035,5.471556515747144e-12
65.79332246575683,1.0,0.7142857,1.0,1.0250366208063202,0.9841463862665416,0.008088578092039524,5.289366411184349e-12
75.64633275546291,1.0,0.7142857,1.0,1.0250515793472919,0.9841462691574056,0.008088637842408536,5.4425053239212665e-12
86.97490026177834,1.0,0.7142857,1.0,1.0250645895189998,0.9841461673285538,0.00808868978354671,5.532700548697449e-12
100.0,1.0,0.7142857,1.0,1.0250759050708975,0.9841460787306141,0.008088734991819781,4.9062591960734775e-12
